,Orders,Total error,Max error,Steptime
1,1.0,0.010590292325164,0.010590292325066645,3.9358596344451446e-05
2,2.0,0.0003233265559108376,0.0003233265557906359,1.244111494584517e-05
3,3.0,3.601108021644329e-05,3.601108006200247e-05,1.1795407884961719e-05
4,4.0,1.0245178753212982e-05,1.0245178558238204e-05,1.7151846871390328e-05
5,5.0,4.505520449040459e-06,4.505520372216666e-06,2.148387196299794e-05
6,6.0,3.4915948113165295e-06,3.491594788239016e-06,2.733667890032331e-05
7,7.0,3.415440866211223e-06,3.4154408567275555e-06,3.2391105141196695e-05
8,8.0,3.420141640932164e-06,3.4201416316046507e-06,3.832870430046028e-05
